{"cameraMode":{"drawMode":0,"name":"Shaded","section":"Shading Mode"},"sceneLighting":false,"audioPlay":false,"sceneViewState":{"showFog":true,"showMaterialUpdate":false,"showSkybox":false,"showFlares":true,"showImageEffects":true,"showParticleSystems":true},"in2DMode":false,"pivot":{"x":-5.449999809265137,"y":0.5600000023841858,"z":-5.150000095367432},"rotation":{"x":-0.2841145992279053,"y":0.6422668099403381,"z":-0.6551266312599182,"w":-0.2785382866859436},"size":0.6807264685630798,"orthographic":false}