{"cameraMode":{"drawMode":0,"name":"Shaded","section":"Shading Mode"},"sceneLighting":true,"audioPlay":false,"sceneViewState":{"showFog":true,"showMaterialUpdate":false,"showSkybox":true,"showFlares":true,"showImageEffects":true,"showParticleSystems":true},"in2DMode":false,"pivot":{"x":1.8049700260162354,"y":17.587501525878908,"z":-17.9129638671875},"rotation":{"x":0.4217149317264557,"y":0.46039125323295596,"z":-0.26409897208213808,"w":0.7351604700088501},"size":3.8890058994293215,"orthographic":false}